origin_id,destination_id,distance_km
PHARMACIE DU PARC,Pharmacie Lcce -Pharmacie du centre,7.615939999999999
PHARMACIE DU PARC,Pharmacie de l'Hotel de Ville,31.64207
PHARMACIE DU PARC,Pharmacie Godart,33.82564
PHARMACIE DU PARC,Pharmacie de Acy en Multien,21.51647
PHARMACIE DU PARC,Pharmacie Principale,41.28839
PHARMACIE DU PARC,Pharmacie Dufour,30.45461
PHARMACIE DU PARC,Pharmacie De Mouroux,25.923689999999997
PHARMACIE DU PARC,Pharmacie Forum Santé de Rebais SELAS,44.93731
PHARMACIE DU PARC,Pharmacie du Breon,33.473620000000004
PHARMACIE DU PARC,Pharmacie des Remparts,41.02213
PHARMACIE DU PARC,Pharmacie ROSSET,8.38132
PHARMACIE DU PARC,Pharmacie Parisot,28.46361
PHARMACIE DU PARC,Pharmacie du Haudouin,28.453419999999998
PHARMACIE DU PARC,La Pharmacie de Guignes,43.81855
PHARMACIE DU PARC,Pharmacie Khin de St Germain sur Morin,12.046520000000001
PHARMACIE DU PARC,Pharmacie de Beton-Bazoches,63.292370000000005
PHARMACIE DU PARC,Pharmacie Centrale Noël,30.558439999999997
PHARMACIE DU PARC,Grande Pharmacie Du centre,23.785580000000003
PHARMACIE DU PARC,Pharmacie Avicenne,9.25681
PHARMACIE DU PARC,Pharmacie de St Mard Elsie,295.10744
PHARMACIE DU PARC,Pharmacie de Chessy,13.102469999999999
PHARMACIE DU PARC,PHARMACIE DE JUILLY,17.23838
PHARMACIE DU PARC,PHARMACIE PRINCIPALE,39.67372
PHARMACIE DU PARC,Pharmacie de Quincy-Voisins,8.99789
PHARMACIE DU PARC,Pharmacie principale de Mareuil - Elsie Santé,5.23627
PHARMACIE DU PARC,PHARMACIE DU MARCHÉ,21.395220000000002
PHARMACIE DU PARC,Pharmacie Lepesme,41.73809
PHARMACIE DU PARC,Pharmacie de la Gare,7.615939999999999
Pharmacie Lcce -Pharmacie du centre,PHARMACIE DU PARC,7.771319999999999
Pharmacie Lcce -Pharmacie du centre,Pharmacie de l'Hotel de Ville,33.12739
Pharmacie Lcce -Pharmacie du centre,Pharmacie Godart,24.86769
Pharmacie Lcce -Pharmacie du centre,Pharmacie de Acy en Multien,28.31241
Pharmacie Lcce -Pharmacie du centre,Pharmacie Principale,48.08433
Pharmacie Lcce -Pharmacie du centre,Pharmacie Dufour,37.25054
Pharmacie Lcce -Pharmacie du centre,Pharmacie De Mouroux,19.66095
Pharmacie Lcce -Pharmacie du centre,Pharmacie Forum Santé de Rebais SELAS,36.26836
Pharmacie Lcce -Pharmacie du centre,Pharmacie du Breon,24.515669999999997
Pharmacie Lcce -Pharmacie du centre,Pharmacie des Remparts,47.81805
Pharmacie Lcce -Pharmacie du centre,Pharmacie ROSSET,16.0409
Pharmacie Lcce -Pharmacie du centre,Pharmacie Parisot,16.43345
Pharmacie Lcce -Pharmacie du centre,Pharmacie du Haudouin,35.24936
Pharmacie Lcce -Pharmacie du centre,La Pharmacie de Guignes,34.86061
Pharmacie Lcce -Pharmacie du centre,Pharmacie Khin de St Germain sur Morin,3.93986
Pharmacie Lcce -Pharmacie du centre,Pharmacie de Beton-Bazoches,54.33442
Pharmacie Lcce -Pharmacie du centre,Pharmacie Centrale Noël,24.2957
Pharmacie Lcce -Pharmacie du centre,Grande Pharmacie Du centre,30.581509999999998
Pharmacie Lcce -Pharmacie du centre,Pharmacie Avicenne,1.66854
Pharmacie Lcce -Pharmacie du centre,Pharmacie de St Mard Elsie,296.59275
Pharmacie Lcce -Pharmacie du centre,Pharmacie de Chessy,5.514189999999999
Pharmacie Lcce -Pharmacie du centre,PHARMACIE DE JUILLY,18.78779
Pharmacie Lcce -Pharmacie du centre,PHARMACIE PRINCIPALE,29.52525
Pharmacie Lcce -Pharmacie du centre,Pharmacie de Quincy-Voisins,6.624479999999999
Pharmacie Lcce -Pharmacie du centre,Pharmacie principale de Mareuil - Elsie Santé,10.17839
Pharmacie Lcce -Pharmacie du centre,PHARMACIE DU MARCHÉ,9.36507
Pharmacie Lcce -Pharmacie du centre,Pharmacie Lepesme,32.78014
Pharmacie Lcce -Pharmacie du centre,Pharmacie de la Gare,0.0
Pharmacie de l'Hotel de Ville,PHARMACIE DU PARC,31.51023
Pharmacie de l'Hotel de Ville,Pharmacie Lcce -Pharmacie du centre,35.91589
Pharmacie de l'Hotel de Ville,Pharmacie Godart,45.70454
Pharmacie de l'Hotel de Ville,Pharmacie de Acy en Multien,26.13438
Pharmacie de l'Hotel de Ville,Pharmacie Principale,43.45439
Pharmacie de l'Hotel de Ville,Pharmacie Dufour,45.618559999999995
Pharmacie de l'Hotel de Ville,Pharmacie De Mouroux,19.37398
Pharmacie de l'Hotel de Ville,Pharmacie Forum Santé de Rebais SELAS,16.30441
Pharmacie de l'Hotel de Ville,Pharmacie du Breon,45.35252
Pharmacie de l'Hotel de Ville,Pharmacie des Remparts,43.25975
Pharmacie de l'Hotel de Ville,Pharmacie ROSSET,14.77586
Pharmacie de l'Hotel de Ville,Pharmacie Parisot,25.04822
Pharmacie de l'Hotel de Ville,Pharmacie du Haudouin,39.610879999999995
Pharmacie de l'Hotel de Ville,La Pharmacie de Guignes,55.69746
Pharmacie de l'Hotel de Ville,Pharmacie Khin de St Germain sur Morin,31.17077
Pharmacie de l'Hotel de Ville,Pharmacie de Beton-Bazoches,34.42252
Pharmacie de l'Hotel de Ville,Pharmacie Centrale Noël,17.743509999999997
Pharmacie de l'Hotel de Ville,Grande Pharmacie Du centre,42.689949999999996
Pharmacie de l'Hotel de Ville,Pharmacie Avicenne,36.15142
Pharmacie de l'Hotel de Ville,Pharmacie de St Mard Elsie,268.30903
Pharmacie de l'Hotel de Ville,Pharmacie de Chessy,37.633489999999995
Pharmacie de l'Hotel de Ville,PHARMACIE DE JUILLY,46.473589999999994
Pharmacie de l'Hotel de Ville,PHARMACIE PRINCIPALE,51.55263
Pharmacie de l'Hotel de Ville,Pharmacie de Quincy-Voisins,25.26929
Pharmacie de l'Hotel de Ville,Pharmacie principale de Mareuil - Elsie Santé,28.01943
Pharmacie de l'Hotel de Ville,PHARMACIE DU MARCHÉ,21.841939999999997
Pharmacie de l'Hotel de Ville,Pharmacie Lepesme,53.61699
Pharmacie de l'Hotel de Ville,Pharmacie de la Gare,35.91589
Pharmacie Godart,PHARMACIE DU PARC,33.29075
Pharmacie Godart,Pharmacie Lcce -Pharmacie du centre,24.5028
Pharmacie Godart,Pharmacie de l'Hotel de Ville,43.84045
Pharmacie Godart,Pharmacie de Acy en Multien,53.733160000000005
Pharmacie Godart,Pharmacie Principale,90.15745
Pharmacie Godart,Pharmacie Dufour,62.67129
Pharmacie Godart,Pharmacie De Mouroux,22.85934
Pharmacie Godart,Pharmacie Forum Santé de Rebais SELAS,42.87275
Pharmacie Godart,Pharmacie du Breon,1.75247
Pharmacie Godart,Pharmacie des Remparts,89.89119000000001
Pharmacie Godart,Pharmacie ROSSET,36.71325
Pharmacie Godart,Pharmacie Parisot,17.50919
Pharmacie Godart,Pharmacie du Haudouin,77.32248
Pharmacie Godart,La Pharmacie de Guignes,11.82245
Pharmacie Godart,Pharmacie Khin de St Germain sur Morin,20.59183
Pharmacie Godart,Pharmacie de Beton-Bazoches,28.72483
Pharmacie Godart,Pharmacie Centrale Noël,24.11034
Pharmacie Godart,Grande Pharmacie Du centre,68.07155999999999
Pharmacie Godart,Pharmacie Avicenne,25.57248
Pharmacie Godart,Pharmacie de St Mard Elsie,307.30581
Pharmacie Godart,Pharmacie de Chessy,27.84687
Pharmacie Godart,PHARMACIE DE JUILLY,48.25411
Pharmacie Godart,PHARMACIE PRINCIPALE,11.643979999999999
Pharmacie Godart,Pharmacie de Quincy-Voisins,23.82348
Pharmacie Godart,Pharmacie principale de Mareuil - Elsie Santé,29.79995
Pharmacie Godart,PHARMACIE DU MARCHÉ,19.28714
Pharmacie Godart,Pharmacie Lepesme,7.17056
Pharmacie Godart,Pharmacie de la Gare,24.5028
Pharmacie de Acy en Multien,PHARMACIE DU PARC,21.89182
Pharmacie de Acy en Multien,Pharmacie Lcce -Pharmacie du centre,28.31975
Pharmacie de Acy en Multien,Pharmacie de l'Hotel de Ville,25.88046
Pharmacie de Acy en Multien,Pharmacie Godart,53.82071
Pharmacie de Acy en Multien,Pharmacie Principale,16.916520000000002
Pharmacie de Acy en Multien,Pharmacie Dufour,19.484180000000002
Pharmacie de Acy en Multien,Pharmacie De Mouroux,40.45353
Pharmacie de Acy en Multien,Pharmacie Forum Santé de Rebais SELAS,41.18168
Pharmacie de Acy en Multien,Pharmacie du Breon,53.4687
Pharmacie de Acy en Multien,Pharmacie des Remparts,16.65024
Pharmacie de Acy en Multien,Pharmacie ROSSET,19.00427
Pharmacie de Acy en Multien,Pharmacie Parisot,48.45868
Pharmacie de Acy en Multien,Pharmacie du Haudouin,13.4765
Pharmacie de Acy en Multien,La Pharmacie de Guignes,63.813629999999996
Pharmacie de Acy en Multien,Pharmacie Khin de St Germain sur Morin,32.04159
Pharmacie de Acy en Multien,Pharmacie de Beton-Bazoches,59.29978
Pharmacie de Acy en Multien,Pharmacie Centrale Noël,42.620779999999996
Pharmacie de Acy en Multien,Grande Pharmacie Du centre,28.462970000000002
Pharmacie de Acy en Multien,Pharmacie Avicenne,29.960630000000002
Pharmacie de Acy en Multien,Pharmacie de St Mard Elsie,284.07309000000004
Pharmacie de Acy en Multien,Pharmacie de Chessy,33.806290000000004
Pharmacie de Acy en Multien,PHARMACIE DE JUILLY,22.72832
Pharmacie de Acy en Multien,PHARMACIE PRINCIPALE,59.668800000000005
Pharmacie de Acy en Multien,Pharmacie de Quincy-Voisins,28.99297
Pharmacie de Acy en Multien,Pharmacie principale de Mareuil - Elsie Santé,22.66171
Pharmacie de Acy en Multien,PHARMACIE DU MARCHÉ,41.3903
Pharmacie de Acy en Multien,Pharmacie Lepesme,61.733160000000005
Pharmacie de Acy en Multien,Pharmacie de la Gare,28.31975
Pharmacie Principale,PHARMACIE DU PARC,38.81299
Pharmacie Principale,Pharmacie Lcce -Pharmacie du centre,45.240919999999996
Pharmacie Principale,Pharmacie de l'Hotel de Ville,42.969199999999994
Pharmacie Principale,Pharmacie Godart,70.74188000000001
Pharmacie Principale,Pharmacie de Acy en Multien,16.921169999999996
Pharmacie Principale,Pharmacie Dufour,17.71528
Pharmacie Principale,Pharmacie De Mouroux,57.542269999999995
Pharmacie Principale,Pharmacie Forum Santé de Rebais SELAS,58.270410000000005
Pharmacie Principale,Pharmacie du Breon,88.40691000000001
Pharmacie Principale,Pharmacie des Remparts,0.26627
Pharmacie Principale,Pharmacie ROSSET,35.92543
Pharmacie Principale,Pharmacie Parisot,65.37985
Pharmacie Principale,Pharmacie du Haudouin,13.073889999999999
Pharmacie Principale,La Pharmacie de Guignes,96.99011
Pharmacie Principale,Pharmacie Khin de St Germain sur Morin,48.96276
Pharmacie Principale,Pharmacie de Beton-Bazoches,118.22566
Pharmacie Principale,Pharmacie Centrale Noël,59.70951
Pharmacie Principale,Grande Pharmacie Du centre,27.95324
Pharmacie Principale,Pharmacie Avicenne,48.43768
Pharmacie Principale,Pharmacie de St Mard Elsie,289.82619
Pharmacie Principale,Pharmacie de Chessy,61.055839999999996
Pharmacie Principale,PHARMACIE DE JUILLY,32.03987
Pharmacie Principale,PHARMACIE PRINCIPALE,71.48942
Pharmacie Principale,Pharmacie de Quincy-Voisins,45.914139999999996
Pharmacie Principale,Pharmacie principale de Mareuil - Elsie Santé,39.582879999999996
Pharmacie Principale,PHARMACIE DU MARCHÉ,58.31146
Pharmacie Principale,Pharmacie Lepesme,96.67139
Pharmacie Principale,Pharmacie de la Gare,45.240919999999996
Pharmacie Dufour,PHARMACIE DU PARC,30.83852
Pharmacie Dufour,Pharmacie Lcce -Pharmacie du centre,37.26645
Pharmacie Dufour,Pharmacie de l'Hotel de Ville,45.40953
Pharmacie Dufour,Pharmacie Godart,62.767410000000005
Pharmacie Dufour,Pharmacie de Acy en Multien,19.52906
Pharmacie Dufour,Pharmacie Principale,17.701150000000002
Pharmacie Dufour,Pharmacie De Mouroux,54.865449999999996
Pharmacie Dufour,Pharmacie Forum Santé de Rebais SELAS,73.87908
Pharmacie Dufour,Pharmacie du Breon,62.41539
Pharmacie Dufour,Pharmacie des Remparts,17.43488
Pharmacie Dufour,Pharmacie ROSSET,33.16314
Pharmacie Dufour,Pharmacie Parisot,57.405379999999994
Pharmacie Dufour,Pharmacie du Haudouin,6.232270000000001
Pharmacie Dufour,La Pharmacie de Guignes,72.76032000000001
Pharmacie Dufour,Pharmacie Khin de St Germain sur Morin,40.98829
Pharmacie Dufour,Pharmacie de Beton-Bazoches,92.23413000000001
Pharmacie Dufour,Pharmacie Centrale Noël,59.500209999999996
Pharmacie Dufour,Grande Pharmacie Du centre,21.21875
Pharmacie Dufour,Pharmacie Avicenne,37.63567
Pharmacie Dufour,Pharmacie de St Mard Elsie,303.60215999999997
Pharmacie Dufour,Pharmacie de Chessy,54.321349999999995
Pharmacie Dufour,PHARMACIE DE JUILLY,25.30538
Pharmacie Dufour,PHARMACIE PRINCIPALE,64.75493
Pharmacie Dufour,Pharmacie de Quincy-Voisins,37.93966
Pharmacie Dufour,Pharmacie principale de Mareuil - Elsie Santé,31.608400000000003
Pharmacie Dufour,PHARMACIE DU MARCHÉ,50.33699
Pharmacie Dufour,Pharmacie Lepesme,70.67986
Pharmacie Dufour,Pharmacie de la Gare,37.26645
Pharmacie De Mouroux,PHARMACIE DU PARC,25.0585
Pharmacie De Mouroux,Pharmacie Lcce -Pharmacie du centre,19.6585
Pharmacie De Mouroux,Pharmacie de l'Hotel de Ville,18.98927
Pharmacie De Mouroux,Pharmacie Godart,22.85022
Pharmacie De Mouroux,Pharmacie de Acy en Multien,45.500910000000005
Pharmacie De Mouroux,Pharmacie Principale,65.27282
Pharmacie De Mouroux,Pharmacie Dufour,54.43904
Pharmacie De Mouroux,Pharmacie Forum Santé de Rebais SELAS,16.60796
Pharmacie De Mouroux,Pharmacie du Breon,22.57065
Pharmacie De Mouroux,Pharmacie des Remparts,65.00655
Pharmacie De Mouroux,Pharmacie ROSSET,19.91787
Pharmacie De Mouroux,Pharmacie Parisot,7.74473
Pharmacie De Mouroux,Pharmacie du Haudouin,52.43785
Pharmacie De Mouroux,La Pharmacie de Guignes,34.03489
Pharmacie De Mouroux,Pharmacie Khin de St Germain sur Morin,15.74752
Pharmacie De Mouroux,Pharmacie de Beton-Bazoches,24.28709
Pharmacie De Mouroux,Pharmacie Centrale Noël,4.6353
Pharmacie De Mouroux,Grande Pharmacie Du centre,47.77001
Pharmacie De Mouroux,Pharmacie Avicenne,20.72817
Pharmacie De Mouroux,Pharmacie de St Mard Elsie,289.95328
Pharmacie De Mouroux,Pharmacie de Chessy,23.00257
Pharmacie De Mouroux,PHARMACIE DE JUILLY,40.021860000000004
Pharmacie De Mouroux,PHARMACIE PRINCIPALE,28.39656
Pharmacie De Mouroux,Pharmacie de Quincy-Voisins,18.456599999999998
Pharmacie De Mouroux,Pharmacie principale de Mareuil - Elsie Santé,21.27234
Pharmacie De Mouroux,PHARMACIE DU MARCHÉ,10.44031
Pharmacie De Mouroux,Pharmacie Lepesme,21.96283
Pharmacie De Mouroux,Pharmacie de la Gare,19.6585
Pharmacie Forum Santé de Rebais SELAS,PHARMACIE DU PARC,43.82172
Pharmacie Forum Santé de Rebais SELAS,Pharmacie Lcce -Pharmacie du centre,35.91804
Pharmacie Forum Santé de Rebais SELAS,Pharmacie de l'Hotel de Ville,15.542639999999999
Pharmacie Forum Santé de Rebais SELAS,Pharmacie Godart,42.30981
Pharmacie Forum Santé de Rebais SELAS,Pharmacie de Acy en Multien,40.44755
Pharmacie Forum Santé de Rebais SELAS,Pharmacie Principale,57.767559999999996
Pharmacie Forum Santé de Rebais SELAS,Pharmacie Dufour,59.93173
Pharmacie Forum Santé de Rebais SELAS,Pharmacie De Mouroux,16.26008
Pharmacie Forum Santé de Rebais SELAS,Pharmacie du Breon,43.503769999999996
Pharmacie Forum Santé de Rebais SELAS,Pharmacie des Remparts,57.57291
Pharmacie Forum Santé de Rebais SELAS,Pharmacie ROSSET,27.087349999999997
Pharmacie Forum Santé de Rebais SELAS,Pharmacie Parisot,24.00427
Pharmacie Forum Santé de Rebais SELAS,Pharmacie du Haudouin,53.92404
Pharmacie Forum Santé de Rebais SELAS,La Pharmacie de Guignes,49.97325
Pharmacie Forum Santé de Rebais SELAS,Pharmacie Khin de St Germain sur Morin,32.00706
Pharmacie Forum Santé de Rebais SELAS,Pharmacie de Beton-Bazoches,18.62189
Pharmacie Forum Santé de Rebais SELAS,Pharmacie Centrale Noël,12.05511
Pharmacie Forum Santé de Rebais SELAS,Grande Pharmacie Du centre,66.53322
Pharmacie Forum Santé de Rebais SELAS,Pharmacie Avicenne,36.98771
Pharmacie Forum Santé de Rebais SELAS,Pharmacie de St Mard Elsie,283.59444
Pharmacie Forum Santé de Rebais SELAS,Pharmacie de Chessy,39.26211
Pharmacie Forum Santé de Rebais SELAS,PHARMACIE DE JUILLY,58.78507
Pharmacie Forum Santé de Rebais SELAS,PHARMACIE PRINCIPALE,52.292449999999995
Pharmacie Forum Santé de Rebais SELAS,Pharmacie de Quincy-Voisins,37.580769999999994
Pharmacie Forum Santé de Rebais SELAS,Pharmacie principale de Mareuil - Elsie Santé,40.33092
Pharmacie Forum Santé de Rebais SELAS,PHARMACIE DU MARCHÉ,26.699849999999998
Pharmacie Forum Santé de Rebais SELAS,Pharmacie Lepesme,35.718160000000005
Pharmacie Forum Santé de Rebais SELAS,Pharmacie de la Gare,35.91804
Pharmacie du Breon,PHARMACIE DU PARC,32.96302
Pharmacie du Breon,Pharmacie Lcce -Pharmacie du centre,24.175060000000002
Pharmacie du Breon,Pharmacie de l'Hotel de Ville,43.51271
Pharmacie du Breon,Pharmacie Godart,1.7618699999999998
Pharmacie du Breon,Pharmacie de Acy en Multien,53.40541
Pharmacie du Breon,Pharmacie Principale,87.92492
Pharmacie du Breon,Pharmacie Dufour,62.34355
Pharmacie du Breon,Pharmacie De Mouroux,22.70414
Pharmacie du Breon,Pharmacie Forum Santé de Rebais SELAS,46.79922
Pharmacie du Breon,Pharmacie des Remparts,87.65865
Pharmacie du Breon,Pharmacie ROSSET,36.385510000000004
Pharmacie du Breon,Pharmacie Parisot,17.353990000000003
Pharmacie du Breon,Pharmacie du Haudouin,75.08995
Pharmacie du Breon,La Pharmacie de Guignes,13.1775
Pharmacie du Breon,Pharmacie Khin de St Germain sur Morin,20.26409
Pharmacie du Breon,Pharmacie de Beton-Bazoches,32.65131
Pharmacie du Breon,Pharmacie Centrale Noël,25.51686
Pharmacie du Breon,Grande Pharmacie Du centre,65.83902
Pharmacie du Breon,Pharmacie Avicenne,25.24474
Pharmacie du Breon,Pharmacie de St Mard Elsie,306.97805999999997
Pharmacie du Breon,Pharmacie de Chessy,27.51913
Pharmacie du Breon,PHARMACIE DE JUILLY,47.926370000000006
Pharmacie du Breon,PHARMACIE PRINCIPALE,9.41144
Pharmacie du Breon,Pharmacie de Quincy-Voisins,23.49575
Pharmacie du Breon,Pharmacie principale de Mareuil - Elsie Santé,29.47221
Pharmacie du Breon,PHARMACIE DU MARCHÉ,18.95941
Pharmacie du Breon,Pharmacie Lepesme,11.09703
Pharmacie du Breon,Pharmacie de la Gare,24.175060000000002
Pharmacie des Remparts,PHARMACIE DU PARC,38.54672
Pharmacie des Remparts,Pharmacie Lcce -Pharmacie du centre,44.974650000000004
Pharmacie des Remparts,Pharmacie de l'Hotel de Ville,42.77456
Pharmacie des Remparts,Pharmacie Godart,70.47561
Pharmacie des Remparts,Pharmacie de Acy en Multien,16.6549
Pharmacie des Remparts,Pharmacie Principale,0.26627
Pharmacie des Remparts,Pharmacie Dufour,17.449009999999998
Pharmacie des Remparts,Pharmacie De Mouroux,57.347629999999995
Pharmacie des Remparts,Pharmacie Forum Santé de Rebais SELAS,58.07577
Pharmacie des Remparts,Pharmacie du Breon,88.14065
Pharmacie des Remparts,Pharmacie ROSSET,35.65916
Pharmacie des Remparts,Pharmacie Parisot,65.11358
Pharmacie des Remparts,Pharmacie du Haudouin,12.80762
Pharmacie des Remparts,La Pharmacie de Guignes,96.72384
Pharmacie des Remparts,Pharmacie Khin de St Germain sur Morin,48.69649
Pharmacie des Remparts,Pharmacie de Beton-Bazoches,117.95939
Pharmacie des Remparts,Pharmacie Centrale Noël,59.51487
Pharmacie des Remparts,Grande Pharmacie Du centre,27.686970000000002
Pharmacie des Remparts,Pharmacie Avicenne,48.17141
Pharmacie des Remparts,Pharmacie de St Mard Elsie,289.63156
Pharmacie des Remparts,Pharmacie de Chessy,60.78957
Pharmacie des Remparts,PHARMACIE DE JUILLY,31.7736
Pharmacie des Remparts,PHARMACIE PRINCIPALE,71.22314999999999
Pharmacie des Remparts,Pharmacie de Quincy-Voisins,45.647870000000005
Pharmacie des Remparts,Pharmacie principale de Mareuil - Elsie Santé,39.31661
Pharmacie des Remparts,PHARMACIE DU MARCHÉ,58.045190000000005
Pharmacie des Remparts,Pharmacie Lepesme,96.40512
Pharmacie des Remparts,Pharmacie de la Gare,44.974650000000004
Pharmacie ROSSET,PHARMACIE DU PARC,8.45935
Pharmacie ROSSET,Pharmacie Lcce -Pharmacie du centre,19.28528
Pharmacie ROSSET,Pharmacie de l'Hotel de Ville,14.155149999999999
Pharmacie ROSSET,Pharmacie Godart,44.13629
Pharmacie ROSSET,Pharmacie de Acy en Multien,18.6944
Pharmacie ROSSET,Pharmacie Principale,35.610910000000004
Pharmacie ROSSET,Pharmacie Dufour,32.98632
Pharmacie ROSSET,Pharmacie De Mouroux,19.90194
Pharmacie ROSSET,Pharmacie Forum Santé de Rebais SELAS,27.45039
Pharmacie ROSSET,Pharmacie du Breon,43.784279999999995
Pharmacie ROSSET,Pharmacie des Remparts,35.34464
Pharmacie ROSSET,Pharmacie Parisot,20.78499
Pharmacie ROSSET,Pharmacie du Haudouin,30.98513
Pharmacie ROSSET,La Pharmacie de Guignes,54.12921
Pharmacie ROSSET,Pharmacie Khin de St Germain sur Morin,13.857
Pharmacie ROSSET,Pharmacie de Beton-Bazoches,43.91201
Pharmacie ROSSET,Pharmacie Centrale Noël,23.48398
Pharmacie ROSSET,Grande Pharmacie Du centre,26.31729
Pharmacie ROSSET,Pharmacie Avicenne,20.92615
Pharmacie ROSSET,Pharmacie de St Mard Elsie,278.15338
Pharmacie ROSSET,Pharmacie de Chessy,36.065239999999996
Pharmacie ROSSET,PHARMACIE DE JUILLY,22.35871
Pharmacie ROSSET,PHARMACIE PRINCIPALE,49.984379999999994
Pharmacie ROSSET,Pharmacie de Quincy-Voisins,10.80838
Pharmacie ROSSET,Pharmacie principale de Mareuil - Elsie Santé,7.85312
Pharmacie ROSSET,PHARMACIE DU MARCHÉ,15.22524
Pharmacie ROSSET,Pharmacie Lepesme,52.04875
Pharmacie ROSSET,Pharmacie de la Gare,19.28528
Pharmacie Parisot,PHARMACIE DU PARC,22.06982
Pharmacie Parisot,Pharmacie Lcce -Pharmacie du centre,16.45445
Pharmacie Parisot,Pharmacie de l'Hotel de Ville,24.58138
Pharmacie Parisot,Pharmacie Godart,17.51061
Pharmacie Parisot,Pharmacie de Acy en Multien,42.51223
Pharmacie Parisot,Pharmacie Principale,62.28414
Pharmacie Parisot,Pharmacie Dufour,51.45036
Pharmacie Parisot,Pharmacie De Mouroux,7.665979999999999
Pharmacie Parisot,Pharmacie Forum Santé de Rebais SELAS,24.27339
Pharmacie Parisot,Pharmacie du Breon,17.23104
Pharmacie Parisot,Pharmacie des Remparts,62.01788
Pharmacie Parisot,Pharmacie ROSSET,20.7682
Pharmacie Parisot,Pharmacie du Haudouin,49.449169999999995
Pharmacie Parisot,La Pharmacie de Guignes,29.15598
Pharmacie Parisot,Pharmacie Khin de St Germain sur Morin,12.54347
Pharmacie Parisot,Pharmacie de Beton-Bazoches,28.504080000000002
Pharmacie Parisot,Pharmacie Centrale Noël,12.30073
Pharmacie Parisot,Grande Pharmacie Du centre,44.781330000000004
Pharmacie Parisot,Pharmacie Avicenne,17.52412
Pharmacie Parisot,Pharmacie de St Mard Elsie,301.27634
Pharmacie Parisot,Pharmacie de Chessy,19.79852
Pharmacie Parisot,PHARMACIE DE JUILLY,37.03318
Pharmacie Parisot,PHARMACIE PRINCIPALE,23.05695
Pharmacie Parisot,Pharmacie de Quincy-Voisins,13.883700000000001
Pharmacie Parisot,Pharmacie principale de Mareuil - Elsie Santé,18.28366
Pharmacie Parisot,PHARMACIE DU MARCHÉ,7.236260000000001
Pharmacie Parisot,Pharmacie Lepesme,18.65556
Pharmacie Parisot,Pharmacie de la Gare,16.45445
Pharmacie du Haudouin,PHARMACIE DU PARC,28.86713
Pharmacie du Haudouin,Pharmacie Lcce -Pharmacie du centre,35.29506
Pharmacie du Haudouin,Pharmacie de l'Hotel de Ville,39.45384
Pharmacie du Haudouin,Pharmacie Godart,60.79602
Pharmacie du Haudouin,Pharmacie de Acy en Multien,13.573379999999998
Pharmacie du Haudouin,Pharmacie Principale,14.37279
Pharmacie du Haudouin,Pharmacie Dufour,6.092359999999999
Pharmacie du Haudouin,Pharmacie De Mouroux,52.89407
Pharmacie du Haudouin,Pharmacie Forum Santé de Rebais SELAS,54.755050000000004
Pharmacie du Haudouin,Pharmacie du Breon,75.63353
Pharmacie du Haudouin,Pharmacie des Remparts,14.10652
Pharmacie du Haudouin,Pharmacie ROSSET,31.19176
Pharmacie du Haudouin,Pharmacie Parisot,55.43399
Pharmacie du Haudouin,La Pharmacie de Guignes,84.21673
Pharmacie du Haudouin,Pharmacie Khin de St Germain sur Morin,39.0169
Pharmacie du Haudouin,Pharmacie de Beton-Bazoches,105.45227
Pharmacie du Haudouin,Pharmacie Centrale Noël,57.52882
Pharmacie du Haudouin,Grande Pharmacie Du centre,15.17985
Pharmacie du Haudouin,Pharmacie Avicenne,35.66429
Pharmacie du Haudouin,Pharmacie de St Mard Elsie,297.64646999999997
Pharmacie du Haudouin,Pharmacie de Chessy,48.28245
Pharmacie du Haudouin,PHARMACIE DE JUILLY,19.266479999999998
Pharmacie du Haudouin,PHARMACIE PRINCIPALE,58.716029999999996
Pharmacie du Haudouin,Pharmacie de Quincy-Voisins,35.96828
Pharmacie du Haudouin,Pharmacie principale de Mareuil - Elsie Santé,29.63702
Pharmacie du Haudouin,PHARMACIE DU MARCHÉ,48.365610000000004
Pharmacie du Haudouin,Pharmacie Lepesme,83.898
Pharmacie du Haudouin,Pharmacie de la Gare,35.29506
La Pharmacie de Guignes,PHARMACIE DU PARC,43.17712
La Pharmacie de Guignes,Pharmacie Lcce -Pharmacie du centre,34.389160000000004
La Pharmacie de Guignes,Pharmacie de l'Hotel de Ville,53.72682
La Pharmacie de Guignes,Pharmacie Godart,11.51301
La Pharmacie de Guignes,Pharmacie de Acy en Multien,63.619519999999994
La Pharmacie de Guignes,Pharmacie Principale,87.23561
La Pharmacie de Guignes,Pharmacie Dufour,78.81219
La Pharmacie de Guignes,Pharmacie De Mouroux,34.94463
La Pharmacie de Guignes,Pharmacie Forum Santé de Rebais SELAS,50.682379999999995
La Pharmacie de Guignes,Pharmacie du Breon,12.496889999999999
La Pharmacie de Guignes,Pharmacie des Remparts,86.96934
La Pharmacie de Guignes,Pharmacie ROSSET,46.59961
La Pharmacie de Guignes,Pharmacie Parisot,31.62635
La Pharmacie de Guignes,Pharmacie du Haudouin,74.40064
La Pharmacie de Guignes,Pharmacie Khin de St Germain sur Morin,30.478189999999998
La Pharmacie de Guignes,Pharmacie de Beton-Bazoches,36.53447
La Pharmacie de Guignes,Pharmacie Centrale Noël,34.48312
La Pharmacie de Guignes,Grande Pharmacie Du centre,65.14971
La Pharmacie de Guignes,Pharmacie Avicenne,35.458839999999995
La Pharmacie de Guignes,Pharmacie de St Mard Elsie,317.19219
La Pharmacie de Guignes,Pharmacie de Chessy,37.733230000000006
La Pharmacie de Guignes,PHARMACIE DE JUILLY,58.14047
La Pharmacie de Guignes,PHARMACIE PRINCIPALE,18.04437
La Pharmacie de Guignes,Pharmacie de Quincy-Voisins,33.709849999999996
La Pharmacie de Guignes,Pharmacie principale de Mareuil - Elsie Santé,39.68632
La Pharmacie de Guignes,PHARMACIE DU MARCHÉ,29.173509999999997
La Pharmacie de Guignes,Pharmacie Lepesme,14.2036
La Pharmacie de Guignes,Pharmacie de la Gare,34.389160000000004
Pharmacie Khin de St Germain sur Morin,PHARMACIE DU PARC,11.88824
Pharmacie Khin de St Germain sur Morin,Pharmacie Lcce -Pharmacie du centre,3.91099
Pharmacie Khin de St Germain sur Morin,Pharmacie de l'Hotel de Ville,29.187549999999998
Pharmacie Khin de St Germain sur Morin,Pharmacie Godart,20.92784
Pharmacie Khin de St Germain sur Morin,Pharmacie de Acy en Multien,32.33064
Pharmacie Khin de St Germain sur Morin,Pharmacie Principale,52.10255
Pharmacie Khin de St Germain sur Morin,Pharmacie Dufour,41.268769999999996
Pharmacie Khin de St Germain sur Morin,Pharmacie De Mouroux,15.7211
Pharmacie Khin de St Germain sur Morin,Pharmacie Forum Santé de Rebais SELAS,32.32852
Pharmacie Khin de St Germain sur Morin,Pharmacie du Breon,20.575830000000003
Pharmacie Khin de St Germain sur Morin,Pharmacie des Remparts,51.83629
Pharmacie Khin de St Germain sur Morin,Pharmacie ROSSET,16.0592
Pharmacie Khin de St Germain sur Morin,Pharmacie Parisot,12.49361
Pharmacie Khin de St Germain sur Morin,Pharmacie du Haudouin,39.26758
Pharmacie Khin de St Germain sur Morin,La Pharmacie de Guignes,30.920759999999998
Pharmacie Khin de St Germain sur Morin,Pharmacie de Beton-Bazoches,50.39457
Pharmacie Khin de St Germain sur Morin,Pharmacie Centrale Noël,20.35586
Pharmacie Khin de St Germain sur Morin,Grande Pharmacie Du centre,34.59974
Pharmacie Khin de St Germain sur Morin,Pharmacie Avicenne,4.980659999999999
Pharmacie Khin de St Germain sur Morin,Pharmacie de St Mard Elsie,292.65290999999996
Pharmacie Khin de St Germain sur Morin,Pharmacie de Chessy,7.25506
Pharmacie Khin de St Germain sur Morin,PHARMACIE DE JUILLY,26.85159
Pharmacie Khin de St Germain sur Morin,PHARMACIE PRINCIPALE,27.27363
Pharmacie Khin de St Germain sur Morin,Pharmacie de Quincy-Voisins,3.2316700000000003
Pharmacie Khin de St Germain sur Morin,Pharmacie principale de Mareuil - Elsie Santé,8.43572
Pharmacie Khin de St Germain sur Morin,PHARMACIE DU MARCHÉ,5.42522
Pharmacie Khin de St Germain sur Morin,Pharmacie Lepesme,28.8403
Pharmacie Khin de St Germain sur Morin,Pharmacie de la Gare,3.91099
Pharmacie de Beton-Bazoches,PHARMACIE DU PARC,62.59531
Pharmacie de Beton-Bazoches,Pharmacie Lcce -Pharmacie du centre,53.80736
Pharmacie de Beton-Bazoches,Pharmacie de l'Hotel de Ville,34.071949999999994
Pharmacie de Beton-Bazoches,Pharmacie Godart,29.0611
Pharmacie de Beton-Bazoches,Pharmacie de Acy en Multien,83.03771
Pharmacie de Beton-Bazoches,Pharmacie Principale,117.55721000000001
Pharmacie de Beton-Bazoches,Pharmacie Dufour,91.97583999999999
Pharmacie de Beton-Bazoches,Pharmacie De Mouroux,24.28036
Pharmacie de Beton-Bazoches,Pharmacie Forum Santé de Rebais SELAS,18.445700000000002
Pharmacie de Beton-Bazoches,Pharmacie du Breon,30.25506
Pharmacie de Beton-Bazoches,Pharmacie des Remparts,117.29095
Pharmacie de Beton-Bazoches,Pharmacie ROSSET,43.92121
Pharmacie de Beton-Bazoches,Pharmacie Parisot,28.50319
Pharmacie de Beton-Bazoches,Pharmacie du Haudouin,104.72224
Pharmacie de Beton-Bazoches,La Pharmacie de Guignes,36.72454
Pharmacie de Beton-Bazoches,Pharmacie Khin de St Germain sur Morin,49.89638
Pharmacie de Beton-Bazoches,Pharmacie Centrale Noël,20.75698
Pharmacie de Beton-Bazoches,Grande Pharmacie Du centre,95.47132
Pharmacie de Beton-Bazoches,Pharmacie Avicenne,54.87703
Pharmacie de Beton-Bazoches,Pharmacie de St Mard Elsie,262.01869
Pharmacie de Beton-Bazoches,Pharmacie de Chessy,57.15143
Pharmacie de Beton-Bazoches,PHARMACIE DE JUILLY,77.55866
Pharmacie de Beton-Bazoches,PHARMACIE PRINCIPALE,39.04374
Pharmacie de Beton-Bazoches,Pharmacie de Quincy-Voisins,53.12804
Pharmacie de Beton-Bazoches,Pharmacie principale de Mareuil - Elsie Santé,59.104510000000005
Pharmacie de Beton-Bazoches,PHARMACIE DU MARCHÉ,34.72012
Pharmacie de Beton-Bazoches,Pharmacie Lepesme,22.469450000000002
Pharmacie de Beton-Bazoches,Pharmacie de la Gare,53.80736
Pharmacie Centrale Noël,PHARMACIE DU PARC,29.55754
Pharmacie Centrale Noël,Pharmacie Lcce -Pharmacie du centre,24.157529999999998
Pharmacie Centrale Noël,Pharmacie de l'Hotel de Ville,17.35358
Pharmacie Centrale Noël,Pharmacie Godart,22.83315
Pharmacie Centrale Noël,Pharmacie de Acy en Multien,42.13122
Pharmacie Centrale Noël,Pharmacie Principale,59.45123
Pharmacie Centrale Noël,Pharmacie Dufour,58.938069999999996
Pharmacie Centrale Noël,Pharmacie De Mouroux,4.49958
Pharmacie Centrale Noël,Pharmacie Forum Santé de Rebais SELAS,12.34056
Pharmacie Centrale Noël,Pharmacie du Breon,24.29154
Pharmacie Centrale Noël,Pharmacie des Remparts,59.256589999999996
Pharmacie Centrale Noël,Pharmacie ROSSET,24.140430000000002
Pharmacie Centrale Noël,Pharmacie Parisot,12.24377
Pharmacie Centrale Noël,Pharmacie du Haudouin,56.93689
Pharmacie Centrale Noël,La Pharmacie de Guignes,32.40105
Pharmacie Centrale Noël,Pharmacie Khin de St Germain sur Morin,20.24655
Pharmacie Centrale Noël,Pharmacie de Beton-Bazoches,20.778209999999998
Pharmacie Centrale Noël,Grande Pharmacie Du centre,52.269040000000004
Pharmacie Centrale Noël,Pharmacie Avicenne,25.22721
Pharmacie Centrale Noël,Pharmacie de St Mard Elsie,285.40538
Pharmacie Centrale Noël,Pharmacie de Chessy,27.5016
Pharmacie Centrale Noël,PHARMACIE DE JUILLY,44.52089
Pharmacie Centrale Noël,PHARMACIE PRINCIPALE,33.08021
Pharmacie Centrale Noël,Pharmacie de Quincy-Voisins,22.95564
Pharmacie Centrale Noël,Pharmacie principale de Mareuil - Elsie Santé,25.77138
Pharmacie Centrale Noël,PHARMACIE DU MARCHÉ,14.93934
Pharmacie Centrale Noël,Pharmacie Lepesme,20.328979999999998
Pharmacie Centrale Noël,Pharmacie de la Gare,24.157529999999998
Grande Pharmacie Du centre,PHARMACIE DU PARC,23.70639
Grande Pharmacie Du centre,Pharmacie Lcce -Pharmacie du centre,30.134310000000003
Grande Pharmacie Du centre,Pharmacie de l'Hotel de Ville,53.45171
Grande Pharmacie Du centre,Pharmacie Godart,67.55174000000001
Grande Pharmacie Du centre,Pharmacie de Acy en Multien,27.33446
Grande Pharmacie Du centre,Pharmacie Principale,27.95713
Grande Pharmacie Du centre,Pharmacie Dufour,19.53371
Grande Pharmacie Du centre,Pharmacie De Mouroux,47.73332
Grande Pharmacie Du centre,Pharmacie Forum Santé de Rebais SELAS,66.74695
Grande Pharmacie Du centre,Pharmacie du Breon,65.85577
Grande Pharmacie Du centre,Pharmacie des Remparts,27.69086
Grande Pharmacie Du centre,Pharmacie ROSSET,26.03102
Grande Pharmacie Du centre,Pharmacie Parisot,50.27325
Grande Pharmacie Du centre,Pharmacie du Haudouin,15.12216
Grande Pharmacie Du centre,La Pharmacie de Guignes,74.43896000000001
Grande Pharmacie Du centre,Pharmacie Khin de St Germain sur Morin,33.85615
Grande Pharmacie Du centre,Pharmacie de Beton-Bazoches,95.67452
Grande Pharmacie Du centre,Pharmacie Centrale Noël,52.36808
Grande Pharmacie Du centre,Pharmacie Avicenne,29.39572
Grande Pharmacie Du centre,Pharmacie de St Mard Elsie,316.91706
Grande Pharmacie Du centre,Pharmacie de Chessy,38.504690000000004
Grande Pharmacie Du centre,PHARMACIE DE JUILLY,8.8619
Grande Pharmacie Du centre,PHARMACIE PRINCIPALE,48.938269999999996
Grande Pharmacie Du centre,Pharmacie de Quincy-Voisins,30.80753
Grande Pharmacie Du centre,Pharmacie principale de Mareuil - Elsie Santé,24.47627
Grande Pharmacie Du centre,PHARMACIE DU MARCHÉ,43.204860000000004
Grande Pharmacie Du centre,Pharmacie Lepesme,74.12022999999999
Grande Pharmacie Du centre,Pharmacie de la Gare,30.134310000000003
Pharmacie Avicenne,PHARMACIE DU PARC,9.248610000000001
Pharmacie Avicenne,Pharmacie Lcce -Pharmacie du centre,1.70565
Pharmacie Avicenne,Pharmacie de l'Hotel de Ville,34.15543
Pharmacie Avicenne,Pharmacie Godart,25.89572
Pharmacie Avicenne,Pharmacie de Acy en Multien,29.7897
Pharmacie Avicenne,Pharmacie Principale,50.994910000000004
Pharmacie Avicenne,Pharmacie Dufour,37.66064
Pharmacie Avicenne,Pharmacie De Mouroux,20.68898
Pharmacie Avicenne,Pharmacie Forum Santé de Rebais SELAS,37.29639
Pharmacie Avicenne,Pharmacie du Breon,25.5437
Pharmacie Avicenne,Pharmacie des Remparts,50.72864
Pharmacie Avicenne,Pharmacie ROSSET,17.518189999999997
Pharmacie Avicenne,Pharmacie Parisot,17.461479999999998
Pharmacie Avicenne,Pharmacie du Haudouin,38.15994
Pharmacie Avicenne,La Pharmacie de Guignes,35.88864
Pharmacie Avicenne,Pharmacie Khin de St Germain sur Morin,4.967890000000001
Pharmacie Avicenne,Pharmacie de Beton-Bazoches,55.362449999999995
Pharmacie Avicenne,Pharmacie Centrale Noël,25.32373
Pharmacie Avicenne,Grande Pharmacie Du centre,28.854509999999998
Pharmacie Avicenne,Pharmacie de St Mard Elsie,297.62078
Pharmacie Avicenne,Pharmacie de Chessy,4.29416
Pharmacie Avicenne,PHARMACIE DE JUILLY,20.511560000000003
Pharmacie Avicenne,PHARMACIE PRINCIPALE,25.034560000000003
Pharmacie Avicenne,Pharmacie de Quincy-Voisins,7.65251
Pharmacie Avicenne,Pharmacie principale de Mareuil - Elsie Santé,11.20642
Pharmacie Avicenne,PHARMACIE DU MARCHÉ,10.3931
Pharmacie Avicenne,Pharmacie Lepesme,33.80817
Pharmacie Avicenne,Pharmacie de la Gare,1.70565
Pharmacie de St Mard Elsie,PHARMACIE DU PARC,293.18569
Pharmacie de St Mard Elsie,Pharmacie Lcce -Pharmacie du centre,297.59131
Pharmacie de St Mard Elsie,Pharmacie de l'Hotel de Ville,269.14609
Pharmacie de St Mard Elsie,Pharmacie Godart,307.37996999999996
Pharmacie de St Mard Elsie,Pharmacie de Acy en Multien,284.15694
Pharmacie de St Mard Elsie,Pharmacie Principale,289.665
Pharmacie de St Mard Elsie,Pharmacie Dufour,303.64113000000003
Pharmacie de St Mard Elsie,Pharmacie De Mouroux,289.99369
Pharmacie de St Mard Elsie,Pharmacie Forum Santé de Rebais SELAS,284.44731
Pharmacie de St Mard Elsie,Pharmacie du Breon,307.02797
Pharmacie de St Mard Elsie,Pharmacie des Remparts,289.47034
Pharmacie de St Mard Elsie,Pharmacie ROSSET,277.28628000000003
Pharmacie de St Mard Elsie,Pharmacie Parisot,302.01794
Pharmacie de St Mard Elsie,Pharmacie du Haudouin,297.63344
Pharmacie de St Mard Elsie,La Pharmacie de Guignes,317.37291
Pharmacie de St Mard Elsie,Pharmacie Khin de St Germain sur Morin,292.84621999999996
Pharmacie de St Mard Elsie,Pharmacie de Beton-Bazoches,262.11853
Pharmacie de St Mard Elsie,Pharmacie Centrale Noël,285.88640999999996
Pharmacie de St Mard Elsie,Grande Pharmacie Du centre,315.89719
Pharmacie de St Mard Elsie,Pharmacie Avicenne,297.82684
Pharmacie de St Mard Elsie,Pharmacie de Chessy,299.30894
Pharmacie de St Mard Elsie,PHARMACIE DE JUILLY,308.14903000000004
Pharmacie de St Mard Elsie,PHARMACIE PRINCIPALE,313.22805999999997
Pharmacie de St Mard Elsie,Pharmacie de Quincy-Voisins,286.94471999999996
Pharmacie de St Mard Elsie,Pharmacie principale de Mareuil - Elsie Santé,289.69488
Pharmacie de St Mard Elsie,PHARMACIE DU MARCHÉ,294.94956
Pharmacie de St Mard Elsie,Pharmacie Lepesme,315.29244
Pharmacie de St Mard Elsie,Pharmacie de la Gare,297.59131
Pharmacie de Chessy,PHARMACIE DU PARC,13.17129
Pharmacie de Chessy,Pharmacie Lcce -Pharmacie du centre,5.628340000000001
Pharmacie de Chessy,Pharmacie de l'Hotel de Ville,37.23276
Pharmacie de Chessy,Pharmacie Godart,26.50533
Pharmacie de Chessy,Pharmacie de Acy en Multien,34.51269
Pharmacie de Chessy,Pharmacie Principale,59.85905
Pharmacie de Chessy,Pharmacie Dufour,51.43564
Pharmacie de Chessy,Pharmacie De Mouroux,23.0252
Pharmacie de Chessy,Pharmacie Forum Santé de Rebais SELAS,39.63262
Pharmacie de Chessy,Pharmacie du Breon,26.15331
Pharmacie de Chessy,Pharmacie des Remparts,59.59279
Pharmacie de Chessy,Pharmacie ROSSET,22.228240000000003
Pharmacie de Chessy,Pharmacie Parisot,19.79771
Pharmacie de Chessy,Pharmacie du Haudouin,47.024080000000005
Pharmacie de Chessy,La Pharmacie de Guignes,36.49825
Pharmacie de Chessy,Pharmacie Khin de St Germain sur Morin,7.30411
Pharmacie de Chessy,Pharmacie de Beton-Bazoches,55.97206
Pharmacie de Chessy,Pharmacie Centrale Noël,27.659959999999998
Pharmacie de Chessy,Grande Pharmacie Du centre,37.773160000000004
Pharmacie de Chessy,Pharmacie Avicenne,5.20688
Pharmacie de Chessy,Pharmacie de St Mard Elsie,300.69813
Pharmacie de Chessy,PHARMACIE DE JUILLY,22.410610000000002
Pharmacie de Chessy,PHARMACIE PRINCIPALE,22.87821
Pharmacie de Chessy,Pharmacie de Quincy-Voisins,10.3424
Pharmacie de Chessy,Pharmacie principale de Mareuil - Elsie Santé,15.54645
Pharmacie de Chessy,PHARMACIE DU MARCHÉ,12.72932
Pharmacie de Chessy,Pharmacie Lepesme,34.417790000000004
Pharmacie de Chessy,Pharmacie de la Gare,5.628340000000001
PHARMACIE DE JUILLY,PHARMACIE DU PARC,16.34544
PHARMACIE DE JUILLY,Pharmacie Lcce -Pharmacie du centre,18.985139999999998
PHARMACIE DE JUILLY,Pharmacie de l'Hotel de Ville,46.10116
PHARMACIE DE JUILLY,Pharmacie Godart,48.28473
PHARMACIE DE JUILLY,Pharmacie de Acy en Multien,22.76446
PHARMACIE DE JUILLY,Pharmacie Principale,32.3518
PHARMACIE DE JUILLY,Pharmacie Dufour,23.92838
PHARMACIE DE JUILLY,Pharmacie De Mouroux,40.38278
PHARMACIE DE JUILLY,Pharmacie Forum Santé de Rebais SELAS,59.3964
PHARMACIE DE JUILLY,Pharmacie du Breon,47.93271
PHARMACIE DE JUILLY,Pharmacie des Remparts,32.08553
PHARMACIE DE JUILLY,Pharmacie ROSSET,22.50713
PHARMACIE DE JUILLY,Pharmacie Parisot,42.9227
PHARMACIE DE JUILLY,Pharmacie du Haudouin,19.516830000000002
PHARMACIE DE JUILLY,La Pharmacie de Guignes,58.27765
PHARMACIE DE JUILLY,Pharmacie Khin de St Germain sur Morin,26.50561
PHARMACIE DE JUILLY,Pharmacie de Beton-Bazoches,77.75146000000001
PHARMACIE DE JUILLY,Pharmacie Centrale Noël,45.01753
PHARMACIE DE JUILLY,Grande Pharmacie Du centre,8.5871
PHARMACIE DE JUILLY,Pharmacie Avicenne,20.50232
PHARMACIE DE JUILLY,Pharmacie de St Mard Elsie,309.56653
PHARMACIE DE JUILLY,Pharmacie de Chessy,24.79648
PHARMACIE DE JUILLY,PHARMACIE PRINCIPALE,45.420120000000004
PHARMACIE DE JUILLY,Pharmacie de Quincy-Voisins,23.45699
PHARMACIE DE JUILLY,Pharmacie principale de Mareuil - Elsie Santé,18.955759999999998
PHARMACIE DE JUILLY,PHARMACIE DU MARCHÉ,35.85432
PHARMACIE DE JUILLY,Pharmacie Lepesme,56.19718
PHARMACIE DE JUILLY,Pharmacie de la Gare,18.985139999999998
PHARMACIE PRINCIPALE,PHARMACIE DU PARC,38.8344
PHARMACIE PRINCIPALE,Pharmacie Lcce -Pharmacie du centre,29.26783
PHARMACIE PRINCIPALE,Pharmacie de l'Hotel de Ville,49.3841
PHARMACIE PRINCIPALE,Pharmacie Godart,12.47132
PHARMACIE PRINCIPALE,Pharmacie de Acy en Multien,59.2768
PHARMACIE PRINCIPALE,Pharmacie Principale,70.7679
PHARMACIE PRINCIPALE,Pharmacie Dufour,62.344480000000004
PHARMACIE PRINCIPALE,Pharmacie De Mouroux,30.183439999999997
PHARMACIE PRINCIPALE,Pharmacie Forum Santé de Rebais SELAS,54.742
PHARMACIE PRINCIPALE,Pharmacie du Breon,10.77534
PHARMACIE PRINCIPALE,Pharmacie des Remparts,70.50163
PHARMACIE PRINCIPALE,Pharmacie ROSSET,42.25689
PHARMACIE PRINCIPALE,Pharmacie Parisot,24.83329
PHARMACIE PRINCIPALE,Pharmacie du Haudouin,57.93293
PHARMACIE PRINCIPALE,La Pharmacie de Guignes,19.35853
PHARMACIE PRINCIPALE,Pharmacie Khin de St Germain sur Morin,28.80409
PHARMACIE PRINCIPALE,Pharmacie de Beton-Bazoches,40.594080000000005
PHARMACIE PRINCIPALE,Pharmacie Centrale Noël,36.22976
PHARMACIE PRINCIPALE,Grande Pharmacie Du centre,48.682
PHARMACIE PRINCIPALE,Pharmacie Avicenne,30.337509999999998
PHARMACIE PRINCIPALE,Pharmacie de St Mard Elsie,312.84947
PHARMACIE PRINCIPALE,Pharmacie de Chessy,25.34095
PHARMACIE PRINCIPALE,PHARMACIE DE JUILLY,44.65895
PHARMACIE PRINCIPALE,Pharmacie de Quincy-Voisins,32.59346
PHARMACIE PRINCIPALE,Pharmacie principale de Mareuil - Elsie Santé,35.343599999999995
PHARMACIE PRINCIPALE,PHARMACIE DU MARCHÉ,27.49941
PHARMACIE PRINCIPALE,Pharmacie Lepesme,19.039810000000003
PHARMACIE PRINCIPALE,Pharmacie de la Gare,29.26783
Pharmacie de Quincy-Voisins,PHARMACIE DU PARC,8.82036
Pharmacie de Quincy-Voisins,Pharmacie Lcce -Pharmacie du centre,6.42446
Pharmacie de Quincy-Voisins,Pharmacie de l'Hotel de Ville,24.67605
Pharmacie de Quincy-Voisins,Pharmacie Godart,26.85962
Pharmacie de Quincy-Voisins,Pharmacie de Acy en Multien,29.26276
Pharmacie de Quincy-Voisins,Pharmacie Principale,49.03468
Pharmacie de Quincy-Voisins,Pharmacie Dufour,38.20089
Pharmacie de Quincy-Voisins,Pharmacie De Mouroux,18.483790000000003
Pharmacie de Quincy-Voisins,Pharmacie Forum Santé de Rebais SELAS,37.97129
Pharmacie de Quincy-Voisins,Pharmacie du Breon,26.5076
Pharmacie de Quincy-Voisins,Pharmacie des Remparts,48.76841
Pharmacie de Quincy-Voisins,Pharmacie ROSSET,12.99132
Pharmacie de Quincy-Voisins,Pharmacie Parisot,13.83984
Pharmacie de Quincy-Voisins,Pharmacie du Haudouin,36.1997
Pharmacie de Quincy-Voisins,La Pharmacie de Guignes,36.85254
Pharmacie de Quincy-Voisins,Pharmacie Khin de St Germain sur Morin,3.2355300000000002
Pharmacie de Quincy-Voisins,Pharmacie de Beton-Bazoches,56.326339999999995
Pharmacie de Quincy-Voisins,Pharmacie Centrale Noël,23.11854
Pharmacie de Quincy-Voisins,Grande Pharmacie Du centre,31.53186
Pharmacie de Quincy-Voisins,Pharmacie Avicenne,7.49413
Pharmacie de Quincy-Voisins,Pharmacie de St Mard Elsie,288.14140999999995
Pharmacie de Quincy-Voisins,Pharmacie de Chessy,10.29721
Pharmacie de Quincy-Voisins,PHARMACIE DE JUILLY,23.78371
Pharmacie de Quincy-Voisins,PHARMACIE PRINCIPALE,32.7077
Pharmacie de Quincy-Voisins,Pharmacie principale de Mareuil - Elsie Santé,5.36784
Pharmacie de Quincy-Voisins,PHARMACIE DU MARCHÉ,7.54604
Pharmacie de Quincy-Voisins,Pharmacie Lepesme,34.77207
Pharmacie de Quincy-Voisins,Pharmacie de la Gare,6.42446
Pharmacie principale de Mareuil - Elsie Santé,PHARMACIE DU PARC,8.87907
Pharmacie principale de Mareuil - Elsie Santé,Pharmacie Lcce -Pharmacie du centre,13.28472
Pharmacie principale de Mareuil - Elsie Santé,Pharmacie de l'Hotel de Ville,27.741319999999998
Pharmacie principale de Mareuil - Elsie Santé,Pharmacie Godart,29.924889999999998
Pharmacie principale de Mareuil - Elsie Santé,Pharmacie de Acy en Multien,22.58738
Pharmacie principale de Mareuil - Elsie Santé,Pharmacie Principale,42.359300000000005
Pharmacie principale de Mareuil - Elsie Santé,Pharmacie Dufour,31.52552
Pharmacie principale de Mareuil - Elsie Santé,Pharmacie De Mouroux,21.733610000000002
Pharmacie principale de Mareuil - Elsie Santé,Pharmacie Forum Santé de Rebais SELAS,41.036559999999994
Pharmacie principale de Mareuil - Elsie Santé,Pharmacie du Breon,29.572869999999998
Pharmacie principale de Mareuil - Elsie Santé,Pharmacie des Remparts,42.09303
Pharmacie principale de Mareuil - Elsie Santé,Pharmacie ROSSET,7.7011
Pharmacie principale de Mareuil - Elsie Santé,Pharmacie Parisot,18.65613
Pharmacie principale de Mareuil - Elsie Santé,Pharmacie du Haudouin,29.524330000000003
Pharmacie principale de Mareuil - Elsie Santé,La Pharmacie de Guignes,39.9178
Pharmacie principale de Mareuil - Elsie Santé,Pharmacie Khin de St Germain sur Morin,7.856439999999999
Pharmacie principale de Mareuil - Elsie Santé,Pharmacie de Beton-Bazoches,59.39162
Pharmacie principale de Mareuil - Elsie Santé,Pharmacie Centrale Noël,26.36837
Pharmacie principale de Mareuil - Elsie Santé,Grande Pharmacie Du centre,24.85649
Pharmacie principale de Mareuil - Elsie Santé,Pharmacie Avicenne,11.15358
Pharmacie principale de Mareuil - Elsie Santé,Pharmacie de St Mard Elsie,291.20669
Pharmacie principale de Mareuil - Elsie Santé,Pharmacie de Chessy,21.85384
Pharmacie principale de Mareuil - Elsie Santé,PHARMACIE DE JUILLY,19.00246
Pharmacie principale de Mareuil - Elsie Santé,PHARMACIE PRINCIPALE,35.77297
Pharmacie principale de Mareuil - Elsie Santé,Pharmacie de Quincy-Voisins,4.8078199999999995
Pharmacie principale de Mareuil - Elsie Santé,PHARMACIE DU MARCHÉ,17.49447
Pharmacie principale de Mareuil - Elsie Santé,Pharmacie Lepesme,37.83734
Pharmacie principale de Mareuil - Elsie Santé,Pharmacie de la Gare,13.28472
PHARMACIE DU MARCHÉ,PHARMACIE DU PARC,20.154130000000002
PHARMACIE DU MARCHÉ,Pharmacie Lcce -Pharmacie du centre,9.347280000000001
PHARMACIE DU MARCHÉ,Pharmacie de l'Hotel de Ville,21.44819
PHARMACIE DU MARCHÉ,Pharmacie Godart,18.87971
PHARMACIE DU MARCHÉ,Pharmacie de Acy en Multien,40.59654
PHARMACIE DU MARCHÉ,Pharmacie Principale,60.368449999999996
PHARMACIE DU MARCHÉ,Pharmacie Dufour,49.53467
PHARMACIE DU MARCHÉ,Pharmacie De Mouroux,10.41061
PHARMACIE DU MARCHÉ,Pharmacie Forum Santé de Rebais SELAS,27.01802
PHARMACIE DU MARCHÉ,Pharmacie du Breon,18.5277
PHARMACIE DU MARCHÉ,Pharmacie des Remparts,60.10218
PHARMACIE DU MARCHÉ,Pharmacie ROSSET,15.21076
PHARMACIE DU MARCHÉ,Pharmacie Parisot,7.18311
PHARMACIE DU MARCHÉ,Pharmacie du Haudouin,47.533480000000004
PHARMACIE DU MARCHÉ,La Pharmacie de Guignes,28.87263
PHARMACIE DU MARCHÉ,Pharmacie Khin de St Germain sur Morin,5.436310000000001
PHARMACIE DU MARCHÉ,Pharmacie de Beton-Bazoches,34.69715
PHARMACIE DU MARCHÉ,Pharmacie Centrale Noël,15.04536
PHARMACIE DU MARCHÉ,Grande Pharmacie Du centre,42.86564
PHARMACIE DU MARCHÉ,Pharmacie Avicenne,10.41696
PHARMACIE DU MARCHÉ,Pharmacie de St Mard Elsie,294.16919
PHARMACIE DU MARCHÉ,Pharmacie de Chessy,12.69135
PHARMACIE DU MARCHÉ,PHARMACIE DE JUILLY,35.11749
PHARMACIE DU MARCHÉ,PHARMACIE PRINCIPALE,25.22551
PHARMACIE DU MARCHÉ,Pharmacie de Quincy-Voisins,7.54604
PHARMACIE DU MARCHÉ,Pharmacie principale de Mareuil - Elsie Santé,11.946
PHARMACIE DU MARCHÉ,Pharmacie Lepesme,26.79217
PHARMACIE DU MARCHÉ,Pharmacie de la Gare,9.347280000000001
Pharmacie Lepesme,PHARMACIE DU PARC,41.32361
Pharmacie Lepesme,Pharmacie Lcce -Pharmacie du centre,32.53566
Pharmacie Lepesme,Pharmacie de l'Hotel de Ville,51.87331
Pharmacie Lepesme,Pharmacie Godart,7.7894
Pharmacie Lepesme,Pharmacie de Acy en Multien,61.76602
Pharmacie Lepesme,Pharmacie Principale,96.28552
Pharmacie Lepesme,Pharmacie Dufour,70.70415
Pharmacie Lepesme,Pharmacie De Mouroux,21.81151
Pharmacie Lepesme,Pharmacie Forum Santé de Rebais SELAS,35.845819999999996
Pharmacie Lepesme,Pharmacie du Breon,8.98337
Pharmacie Lepesme,Pharmacie des Remparts,96.01925
Pharmacie Lepesme,Pharmacie ROSSET,44.74611
Pharmacie Lepesme,Pharmacie Parisot,18.49323
Pharmacie Lepesme,Pharmacie du Haudouin,83.45055
Pharmacie Lepesme,La Pharmacie de Guignes,14.06858
Pharmacie Lepesme,Pharmacie Khin de St Germain sur Morin,28.624689999999998
Pharmacie Lepesme,Pharmacie de Beton-Bazoches,21.6979
Pharmacie Lepesme,Pharmacie Centrale Noël,28.09859
Pharmacie Lepesme,Grande Pharmacie Du centre,74.19963
Pharmacie Lepesme,Pharmacie Avicenne,33.60534
Pharmacie Lepesme,Pharmacie de St Mard Elsie,315.33869
Pharmacie Lepesme,Pharmacie de Chessy,35.87973
Pharmacie Lepesme,PHARMACIE DE JUILLY,56.286970000000004
Pharmacie Lepesme,PHARMACIE PRINCIPALE,17.77204
Pharmacie Lepesme,Pharmacie de Quincy-Voisins,31.85634
Pharmacie Lepesme,Pharmacie principale de Mareuil - Elsie Santé,37.832809999999995
Pharmacie Lepesme,PHARMACIE DU MARCHÉ,27.32
Pharmacie Lepesme,Pharmacie de la Gare,32.53566
Pharmacie de la Gare,PHARMACIE DU PARC,7.771319999999999
Pharmacie de la Gare,Pharmacie Lcce -Pharmacie du centre,0.0
Pharmacie de la Gare,Pharmacie de l'Hotel de Ville,33.12739
Pharmacie de la Gare,Pharmacie Godart,24.86769
Pharmacie de la Gare,Pharmacie de Acy en Multien,28.31241
Pharmacie de la Gare,Pharmacie Principale,48.08433
Pharmacie de la Gare,Pharmacie Dufour,37.25054
Pharmacie de la Gare,Pharmacie De Mouroux,19.66095
Pharmacie de la Gare,Pharmacie Forum Santé de Rebais SELAS,36.26836
Pharmacie de la Gare,Pharmacie du Breon,24.515669999999997
Pharmacie de la Gare,Pharmacie des Remparts,47.81805
Pharmacie de la Gare,Pharmacie ROSSET,16.0409
Pharmacie de la Gare,Pharmacie Parisot,16.43345
Pharmacie de la Gare,Pharmacie du Haudouin,35.24936
Pharmacie de la Gare,La Pharmacie de Guignes,34.86061
Pharmacie de la Gare,Pharmacie Khin de St Germain sur Morin,3.93986
Pharmacie de la Gare,Pharmacie de Beton-Bazoches,54.33442
Pharmacie de la Gare,Pharmacie Centrale Noël,24.2957
Pharmacie de la Gare,Grande Pharmacie Du centre,30.581509999999998
Pharmacie de la Gare,Pharmacie Avicenne,1.66854
Pharmacie de la Gare,Pharmacie de St Mard Elsie,296.59275
Pharmacie de la Gare,Pharmacie de Chessy,5.514189999999999
Pharmacie de la Gare,PHARMACIE DE JUILLY,18.78779
Pharmacie de la Gare,PHARMACIE PRINCIPALE,29.52525
Pharmacie de la Gare,Pharmacie de Quincy-Voisins,6.624479999999999
Pharmacie de la Gare,Pharmacie principale de Mareuil - Elsie Santé,10.17839
Pharmacie de la Gare,PHARMACIE DU MARCHÉ,9.36507
Pharmacie de la Gare,Pharmacie Lepesme,32.78014
